<?xml version="1.0" encoding="UTF-8"?>
<con:testSuite id="b8bc298b-b62f-42bf-af4d-9df787527479" name="InfoSoapBinding12 TestSuite - transfer" xmlns:con="http://eviware.com/soapui/config"><con:settings/><con:runType>SEQUENTIAL</con:runType><con:testCase id="cc7350b1-b961-4907-831d-bab0e5b96fb9" failOnError="true" failTestCaseOnErrors="true" keepSession="false" maxResults="0" name="InfoSoapBinding12 TestSuite" searchProperties="true"><con:settings/><con:testStep type="request" id="f02250e0-8b41-4ffd-b11d-5bcbdcb2ddab" name="TeamNames"><con:settings/><con:config xsi:type="con:RequestStep" xmlns:xsi="http://www.w3.org/2001/XMLSchema-instance"><con:interface>InfoSoapBinding12</con:interface><con:operation>TeamNames</con:operation><con:request name="TeamNames" id="7811a4ef-d0ea-4e31-b7fd-d91d1a4140b5"><con:settings><con:setting id="com.eviware.soapui.impl.wsdl.WsdlRequest@request-headers">&lt;xml-fragment/></con:setting></con:settings><con:encoding>UTF-8</con:encoding><con:endpoint>https://ws.footballpool.dataaccess.eu/info.wso</con:endpoint><con:request><![CDATA[<soap:Envelope xmlns:soap="http://www.w3.org/2003/05/soap-envelope" xmlns:foot="https://footballpool.dataaccess.eu">\r
   <soap:Header/>\r
   <soap:Body>\r
      <foot:TeamNames/>\r
   </soap:Body>\r
</soap:Envelope>]]></con:request><con:assertion type="Simple NotContains" id="84b50f86-d10b-4723-81c1-f706c80e55cd" name="Not Contains"><con:configuration><token>Greece</token><ignoreCase>true</ignoreCase><useRegEx>false</useRegEx></con:configuration></con:assertion><con:assertion type="XPath Match" id="b13a4ff1-950e-4dd0-a958-c6ec5da5c877" name="XPath Match"><con:configuration><path>declare namespace soap='http://www.w3.org/2003/05/soap-envelope';
declare namespace m='https://footballpool.dataaccess.eu';
//m:string[5]</path><content>Czechia</content><allowWildcards>false</allowWildcards><ignoreNamspaceDifferences>false</ignoreNamspaceDifferences><ignoreComments>false</ignoreComments></con:configuration></con:assertion><con:assertion type="Valid HTTP Status Codes" id="5156ea85-8c1b-49ea-9bf7-9d8a928bd6e5" name="Valid HTTP Status Codes"><con:configuration><codes>200</codes></con:configuration></con:assertion><con:credentials><con:authType>No Authorization</con:authType></con:credentials><con:jmsConfig JMSDeliveryMode="PERSISTENT"/><con:jmsPropertyConfig/><con:wsaConfig action="https://footballpool.dataaccess.eu/InfoSoapType/TeamNamesRequest" mustUnderstand="NONE" version="200508"/><con:wsrmConfig version="1.2"/></con:request></con:config></con:testStep><con:testStep type="transfer" name="Property Transfer" id="17844bef-af19-427c-baf4-ddd512df6017"><con:settings/><con:config xsi:type="con:PropertyTransfersStep" xmlns:xsi="http://www.w3.org/2001/XMLSchema-instance"><con:transfers setNullOnMissingSource="true" transferTextContent="true" failOnError="true" ignoreEmpty="false" transferToAll="false" entitize="false" transferChildNodes="false"><con:name>country</con:name><con:sourceType>Response</con:sourceType><con:sourceStep>TeamNames</con:sourceStep><con:sourcePath>//*:string[5]</con:sourcePath><con:targetType>Request</con:targetType><con:targetStep>TeamPlayers</con:targetStep><con:targetPath>//*:sTeamName</con:targetPath><con:upgraded>true</con:upgraded></con:transfers></con:config></con:testStep><con:testStep type="request" id="f0030a5f-95b0-49c2-8abf-a6e0023b5c49" name="TeamPlayers"><con:settings/><con:config xsi:type="con:RequestStep" xmlns:xsi="http://www.w3.org/2001/XMLSchema-instance"><con:interface>InfoSoapBinding12</con:interface><con:operation>TeamPlayers</con:operation><con:request name="TeamPlayers" id="73751bb6-693e-4825-a8b0-8acb2258859c"><con:settings><con:setting id="com.eviware.soapui.impl.wsdl.WsdlRequest@request-headers">&lt;xml-fragment/></con:setting></con:settings><con:encoding>UTF-8</con:encoding><con:endpoint>https://ws.footballpool.dataaccess.eu/info.wso</con:endpoint><con:request><![CDATA[<soap:Envelope xmlns:soap="http://www.w3.org/2003/05/soap-envelope" xmlns:foot="https://footballpool.dataaccess.eu">
   <soap:Header/>
   <soap:Body>
      <foot:TeamPlayers>
         <foot:sTeamName>Czechia</foot:sTeamName>
         <foot:bSelected>${#TestCase#role}</foot:bSelected>
      </foot:TeamPlayers>
   </soap:Body>
</soap:Envelope>]]></con:request><con:assertion type="Simple Contains" id="79228467-623f-4b48-bc68-4234a3e3a6d9" name="Contains"><con:configuration><token>Brabec</token><ignoreCase>true</ignoreCase><useRegEx>false</useRegEx></con:configuration></con:assertion><con:assertion type="Simple NotContains" id="7b7b7e2b-2685-4e8f-843c-3284433439e6" name="Not Contains"><con:configuration><token/><ignoreCase>false</ignoreCase><useRegEx>false</useRegEx></con:configuration></con:assertion><con:credentials><con:authType>No Authorization</con:authType></con:credentials><con:jmsConfig JMSDeliveryMode="PERSISTENT"/><con:jmsPropertyConfig/><con:wsaConfig action="https://footballpool.dataaccess.eu/InfoSoapType/TeamPlayersRequest" mustUnderstand="NONE" version="200508"/><con:wsrmConfig version="1.2"/></con:request></con:config></con:testStep><con:testStep type="properties" name="Properties" id="8016afc8-0521-4a4b-bb7d-fdb12e79a726"><con:settings/><con:config xsi:type="con:PropertiesStep" saveFirst="true" xmlns:xsi="http://www.w3.org/2001/XMLSchema-instance"><con:properties><con:property><con:name>role</con:name><con:value>D</con:value></con:property></con:properties></con:config></con:testStep><con:properties/></con:testCase><con:properties/></con:testSuite>